"BookID,Title,AuthID"
"BB194,Ballinby Boys,AM329"
"NC652,Nothing But Capers,AS443"
"AD222,Alanna Saves the Day,BH149"
"PA169,Post Alley,BM856"
"TC188,Thatchwork Cottage,BM856"
"WM302,The Weather Makers,AM329"
"LM400,Lunar Missions,AS443"
"FD209,Fated Dragons,BH149"
"IM522,In the Mist,BM856"
"SH609,Silent Hill,BM856"
"FA701,Fallen Angels,AM329"
"FR900,Frozen Realms,AS443"
"SM123,Silent Moon,BH149"
"DS101,Dark Shadows,BM856"
"TT102,Time Travelers,BM856"
"PC103,Pixel City,AM329"
"GH204,Golden Horizons,AS443"
"MA305,Midnight Adventures,BH149"
"TW506,The Watchers,BM856"
"BW607,Blue Waters,BM856"
"SG708,Star Gazers,AM329"
"EC809,Emerald Cove,AS443"
"FF910,Fire and Flame,BH149"
"GL111,Great Legends,BM856"
"CT212,City of Thieves,BM856"
"HT313,Haunted Town,AM329"
"RW414,River Wild,AS443"
"SM515,Summer Memories,BH149"
"CR616,Crystal Rain,BM856"
"SR717,Silent Rain,BM856"
